,Model,Corr,Rseq,RMSE,Accuracy,Topsis Score,Rank
0,M1,0.79,0.62,1.25,60.89,-24.028005122523098,1
1,M2,0.66,0.44,2.89,63.07,-24.293538710619785,2
2,M3,0.56,0.31,1.57,62.87,-25.39880419634027,3
3,M4,0.82,0.67,2.68,70.19,-30.866220424554715,4
4,M5,0.75,0.56,1.3,80.39,-42.134340319837385,5
