,Model,Corr,Rseq,RMSE,Accuracy,Topsis Score,Rank
0,M1,0.79,0.62,1.25,60.89,72.14974467246124,5
1,M2,0.66,0.44,2.89,63.07,72.98881465250638,4
2,M3,0.56,0.31,1.57,62.87,76.31041504229553,3
3,M4,0.82,0.67,2.68,70.19,92.64048427518034,2
4,M5,0.75,0.56,1.3,80.39,126.48967744310784,1
